{
  "best_model": "LinearRegression",
  "results": {
    "LinearRegression": {
      "rmse": 1168717.8392625174,
      "r2": 0.6616729739839265,
      "time": 0.14974617958068848
    },
    "DecisionTree": {
      "rmse": 1213122.692338523,
      "r2": 0.6354754369065638,
      "time": 0.03148674964904785
    },
    "RandomForest": {
      "rmse": 1349717.6093538974,
      "r2": 0.5487645899270676,
      "time": 0.5158007144927979
    }
  }
}